"lter_site","plot","easting_original","northing_original","mdcaty","panel_original","panel_current","easting_final","northing_final","replaced_by","moved_dist_field","moved_dist_lab"
"NWT","NWT-001",446807,4435361.357,"LowElevHighSWELowProb","EveryYr","EveryYr",446829,4435348,NaN,27,26
"NWT","NWT-002",446904,4434090.232,"HighElevHighSWELowProb","EveryYr","EveryYr",446902,4434091,NaN,0,0
"NWT","NWT-003",448090,4434556.15,"HighElevLowSWEHighProb","EveryYr","EveryYr",448105,4434562,NaN,14,13
"NWT","NWT-004",449397,4435194.264,"LowElevLowSWEHighProb","EveryYr","EveryYr",449398,4435215,NaN,21,21
"NWT","NWT-005",446493,4434012.53,"HighElevHighSWEHighProb","EveryYr","EveryYr",446483,4434035,NaN,25,26
"NWT","NWT-006",446413,4434950.343,"HighElevLowSWELowProb","EveryYr","EveryYr",446371,4434946,NaN,36,44
"NWT","NWT-007",449560,4432979.786,"LowElevLowSWELowProb","EveryYr","EveryYr",449563,4432979,NaN,5,4
"NWT","NWT-008",448789,4434791.023,"LowElevLowSWELowProb","EveryYr","EveryYr",448790,4434780,NaN,10,11
"NWT","NWT-009",447123,4433862.196,"HighElevLowSWEHighProb","EveryYr","EveryYr",447123,4433862,NaN,0,0
"NWT","NWT-010",448051,4435255.839,"LowElevHighSWEHighProb","EveryYr","EveryYr",448015,4435263,NaN,37,37
"NWT","NWT-011",448306,4432920.599,"LowElevHighSWELowProb","EveryYr","EveryYr",448341,4432953,NaN,47,48
"NWT","NWT-012",449568,4434534.635,"LowElevHighSWEHighProb","EveryYr","EveryYr",NaN,NaN,121,NaN,NaN
"NWT","NWT-013",445801,4434359.41,"HighElevHighSWELowProb","EveryYr","EveryYr",NaN,NaN,82,NaN,NaN
"NWT","NWT-014",447735,4434239.884,"HighElevLowSWEHighProb","EveryYr","EveryYr",447735,4434240,NaN,0,0
"NWT","NWT-015",448131,4434005.507,"HighElevHighSWELowProb","EveryYr","EveryYr",448131,4434006,NaN,0,0
"NWT","NWT-016",450238,4433306.554,"LowElevHighSWEHighProb","EveryYr","EveryYr",450194,4433309,NaN,42,42
"NWT","NWT-017",446421,4435554.743,"LowElevHighSWELowProb","EveryYr","EveryYr",446424,4435549,NaN,0,0
"NWT","NWT-018",446413,4434489.339,"HighElevLowSWELowProb","EveryYr","EveryYr",NaN,NaN,97,NaN,NaN
"NWT","NWT-019",448673,4433691.66,"LowElevLowSWELowProb","EveryYr","EveryYr",448673,4433692,NaN,0,0
"NWT","NWT-020",449732,4434928.283,"LowElevHighSWEHighProb","EveryYr","EveryYr",NaN,NaN,140,NaN,NaN
"NWT","NWT-021",447175,4433314.324,"HighElevLowSWELowProb","EveryYr","EveryYr",NaN,NaN,117,NaN,NaN
"NWT","NWT-022",445639,4432986.993,"HighElevHighSWEHighProb","EveryYr","EveryYr",445877,4433218,NaN,390,332
"NWT","NWT-023",448648,4433379.745,"LowElevLowSWEHighProb","EveryYr","EveryYr",448616,4433400,NaN,39,38
"NWT","NWT-024",448702,4434069.377,"HighElevLowSWEHighProb","EveryYr","EveryYr",448702,4434069,NaN,0,0
"NWT","NWT-025",446797,4433554.716,"HighElevLowSWELowProb","EvenYrs","EvenYrs",NaN,NaN,186,NaN,NaN
"NWT","NWT-026",448589,4434966.055,"LowElevHighSWEHighProb","EvenYrs","EvenYrs",448620,4434963,NaN,30,31
"NWT","NWT-027",447909,4433585.345,"LowElevLowSWELowProb","EvenYrs","EvenYrs",447900,4433519,NaN,0,67
"NWT","NWT-028",450161,4435638.602,"LowElevLowSWEHighProb","EvenYrs","EvenYrs",NaN,NaN,116,NaN,NaN
"NWT","NWT-029",445938,4434639.315,"HighElevHighSWELowProb","EvenYrs","EvenYrs",445935,4434628,NaN,12,12
"NWT","NWT-030",447709,4434834.216,"HighElevHighSWELowProb","EvenYrs","EvenYrs",447684,4434719,NaN,116,118
"NWT","NWT-031",448176,4433572.554,"LowElevHighSWEHighProb","EvenYrs","EvenYrs",448176,4433573,NaN,0,0
"NWT","NWT-032",449593,4435380.975,"LowElevLowSWEHighProb","EvenYrs","EvenYrs",449593,4435381,NaN,0,0
"NWT","NWT-033",446197,4433498.284,"HighElevHighSWEHighProb","EvenYrs","EvenYrs",446197,4433498,NaN,0,0
"NWT","NWT-034",446148,4435001.995,"LowElevHighSWELowProb","EvenYrs","EvenYrs",446140,4434954,NaN,49,49
"NWT","NWT-035",449172,4433487.954,"LowElevHighSWELowProb","EvenYrs","EvenYrs",449123,4433474,NaN,50,51
"NWT","NWT-036",449079,4435118.204,"LowElevLowSWEHighProb","EvenYrs","EvenYrs",449059,4435125,NaN,20,21
"NWT","NWT-037",446984,4432998.504,"HighElevLowSWEHighProb","EvenYrs","EvenYrs",NaN,NaN,88,NaN,NaN
"NWT","NWT-038",445511,4433442.821,"HighElevHighSWEHighProb","EvenYrs","EvenYrs",445511,4433443,NaN,0,0
"NWT","NWT-039",449169,4433346.305,"LowElevHighSWEHighProb","EvenYrs","EvenYrs",NaN,NaN,84,NaN,NaN
"NWT","NWT-040",448758,4434624.697,"HighElevLowSWEHighProb","EvenYrs","EvenYrs",448782,4434650,NaN,35,35
"NWT","NWT-041",446455,4433149.674,"HighElevLowSWELowProb","EvenYrs","EvenYrs",NaN,NaN,195,NaN,NaN
"NWT","NWT-042",448117,4434842.293,"HighElevLowSWEHighProb","EvenYrs","EvenYrs",448117,4434842,NaN,0,0
"NWT","NWT-043",447605,4433771.471,"LowElevHighSWEHighProb","EvenYrs","EvenYrs",447618,4433781,NaN,14,16
"NWT","NWT-044",450071,4435184.453,"LowElevLowSWEHighProb","EvenYrs","EvenYrs",NaN,NaN,109,NaN,NaN
"NWT","NWT-045",447003,4434783.692,"HighElevLowSWEHighProb","EvenYrs","EvenYrs",NaN,NaN,73,NaN,NaN
"NWT","NWT-046",447776,4435313.445,"LowElevHighSWELowProb","EvenYrs","EvenYrs",NaN,NaN,95,NaN,NaN
"NWT","NWT-047",447775,4433160.458,"LowElevLowSWELowProb","EvenYrs","EvenYrs",NaN,NaN,83,NaN,NaN
"NWT","NWT-048",448805,4435574.116,"LowElevLowSWELowProb","EvenYrs","EvenYrs",NaN,NaN,87,NaN,NaN
"NWT","NWT-049",446582,4433640.225,"HighElevLowSWEHighProb","OddYrs","OddYrs",446579,4433640,NaN,0,0
"NWT","NWT-050",446221,4435112.124,"LowElevHighSWEHighProb","OddYrs","OddYrs",446226,4435090,NaN,10,23
"NWT","NWT-051",449500,4433286.314,"LowElevLowSWEHighProb","OddYrs","OddYrs",NaN,NaN,144,NaN,NaN
"NWT","NWT-052",449264,4434801.791,"LowElevLowSWEHighProb","OddYrs","OddYrs",NaN,NaN,151,NaN,NaN
"NWT","NWT-053",446710,4433899.113,"HighElevHighSWELowProb","OddYrs","OddYrs",446676,4433893,NaN,35,35
"NWT","NWT-054",445993,4433643.075,"HighElevHighSWELowProb","OddYrs","OddYrs",NaN,NaN,85,NaN,NaN
"NWT","NWT-055",448114,4433397.864,"LowElevLowSWELowProb","OddYrs","OddYrs",448115,4433395,NaN,0,0
"NWT","NWT-056",449312,4434289.103,"HighElevLowSWEHighProb","OddYrs","OddYrs",449312,4434287,NaN,0,0
"NWT","NWT-057",445867,4434775.132,"HighElevLowSWELowProb","OddYrs","OddYrs",445864,4434774,NaN,0,0
"NWT","NWT-058",447373,4434423.452,"HighElevHighSWEHighProb","OddYrs","OddYrs",447373,4434423,NaN,0,0
"NWT","NWT-059",447752,4433767.701,"LowElevLowSWEHighProb","OddYrs","OddYrs",447784,4433804,NaN,48,48
"NWT","NWT-060",450106,4434041.541,"HighElevHighSWEHighProb","OddYrs","OddYrs",450090,4434040,NaN,16,16
"NWT","NWT-061",446736,4435248.458,"LowElevLowSWELowProb","OddYrs","OddYrs",NaN,NaN,100,NaN,NaN
"NWT","NWT-062",448054,4434089.671,"HighElevLowSWEHighProb","OddYrs","OddYrs",448048,4434112,NaN,26,23
"NWT","NWT-063",449668,4435193.842,"LowElevHighSWELowProb","OddYrs","OddYrs",NaN,NaN,75,NaN,NaN
"NWT","NWT-064",447933,4435588.291,"LowElevHighSWELowProb","OddYrs","OddYrs",NaN,NaN,74,NaN,NaN
"NWT","NWT-065",447198,4435450.668,"LowElevHighSWELowProb","OddYrs","OddYrs",447198,4435451,NaN,0,0
"NWT","NWT-066",447332,4434270.551,"HighElevHighSWELowProb","OddYrs","OddYrs",NaN,NaN,102,NaN,NaN
"NWT","NWT-067",448690,4433871.891,"HighElevLowSWEHighProb","OddYrs","OddYrs",NaN,NaN,79,NaN,NaN
"NWT","NWT-068",449450,4435260.458,"LowElevLowSWEHighProb","OddYrs","OddYrs",449450,4435260,NaN,0,0
"NWT","NWT-069",446616,4434035.079,"HighElevLowSWELowProb","OddYrs","OddYrs",446631,4434045,NaN,16,18
"NWT","NWT-070",445511,4433175.592,"HighElevLowSWELowProb","OddYrs","OddYrs",NaN,NaN,91,NaN,NaN
"NWT","NWT-071",449222,4432916.257,"LowElevLowSWELowProb","OddYrs","OddYrs",449267,4432927,NaN,48,46
"NWT","NWT-072",448669,4434821.465,"LowElevHighSWEHighProb","OddYrs","OddYrs",448670,4434819,NaN,0,0
"NWT","NWT-073",447171,4433810.57,"HighElevLowSWEHighProb","OverSamp","EvenYrs",447171,4433811,NaN,0,0
"NWT","NWT-074",448232,4435045.368,"LowElevHighSWELowProb","OverSamp","OddYrs",448250,4435017,NaN,34,34
"NWT","NWT-075",448294,4433020.225,"LowElevHighSWELowProb","OverSamp","OddYrs",448312,4433007,NaN,23,22
"NWT","NWT-076",449597,4434437.321,"HighElevHighSWEHighProb","OverSamp","OverSamp",NaN,NaN,NaN,NaN,NaN
"NWT","NWT-077",445796,4434207.05,"HighElevLowSWELowProb","OverSamp","OverSamp",NaN,NaN,NaN,NaN,NaN
"NWT","NWT-078",447908,4434325.677,"HighElevHighSWEHighProb","OverSamp","OverSamp",NaN,NaN,NaN,NaN,NaN
"NWT","NWT-079",448055,4433994.887,"HighElevLowSWEHighProb","OverSamp","OddYrs",448055,4433994,NaN,0,0
"NWT","NWT-080",449991,4433052.4,"LowElevHighSWEHighProb","OverSamp","OverSamp",NaN,NaN,NaN,NaN,NaN
"NWT","NWT-081",445641,4435360.344,"HighElevHighSWELowProb","OverSamp","OverSamp",NaN,NaN,NaN,NaN,NaN
"NWT","NWT-082",446588,4434076.796,"HighElevHighSWELowProb","OverSamp","EveryYr",446591,4434092,NaN,17,16
"NWT","NWT-083",448824,4433456.568,"LowElevLowSWELowProb","OverSamp","EvenYrs",448833,4433502,NaN,45,46
"NWT","NWT-084",449616,4434797.431,"LowElevHighSWEHighProb","OverSamp","EvenYrs",449608,4434825,NaN,28,29
"NWT","NWT-085",447255,4433371.68,"HighElevHighSWELowProb","OverSamp","OddYrs",447292,4433396,NaN,47,44
"NWT","NWT-086",445779,4433108.738,"HighElevHighSWELowProb","OverSamp","OverSamp",NaN,NaN,NaN,NaN,NaN
"NWT","NWT-087",448712,4433221.362,"LowElevLowSWELowProb","OverSamp","EvenYrs",448726,4433226,NaN,15,15
"NWT","NWT-088",448980,4434680.178,"HighElevLowSWEHighProb","OverSamp","EvenYrs",448992,4434768,NaN,32,89
"NWT","NWT-089",447150,4433495.343,"HighElevHighSWELowProb","OverSamp","OverSamp",NaN,NaN,NaN,NaN,NaN
"NWT","NWT-090",448477,4435261.242,"LowElevLowSWEHighProb","OverSamp","OverSamp",NaN,NaN,NaN,NaN,NaN
"NWT","NWT-091",447665,4434016.693,"HighElevLowSWELowProb","OverSamp","OddYrs",447665,4434016,NaN,0,0
"NWT","NWT-092",450233,4435399.977,"LowElevHighSWEHighProb","OverSamp","OverSamp",NaN,NaN,NaN,NaN,NaN
"NWT","NWT-093",447326,4435005.243,"LowElevHighSWELowProb","OverSamp","OverSamp",NaN,NaN,NaN,NaN,NaN
"NWT","NWT-094",447886,4435005.034,"LowElevHighSWEHighProb","OverSamp","OverSamp",447945,4435006,NaN,NaN,NaN
"NWT","NWT-095",448261,4433424.343,"LowElevHighSWELowProb","OverSamp","EvenYrs",448247,4433450,NaN,29,29
"NWT","NWT-096",449045,4435549.661,"LowElevLowSWEHighProb","OverSamp","OverSamp",NaN,NaN,NaN,NaN,NaN
"NWT","NWT-097",446362,4433671.326,"HighElevLowSWELowProb","OverSamp","EveryYr",446362,4433671,NaN,0,0
"NWT","NWT-098",446296,4434842.603,"HighElevLowSWELowProb","OverSamp","OverSamp",NaN,NaN,NaN,NaN,NaN
"NWT","NWT-099",449192,4433987.15,"HighElevHighSWEHighProb","OverSamp","OverSamp",NaN,NaN,NaN,NaN,NaN
"NWT","NWT-100",449024,4435057.116,"LowElevLowSWELowProb","OverSamp","OddYrs",449071,4435061,NaN,48,47
"NWT","NWT-101",446848,4432949.427,"HighElevLowSWEHighProb","OverSamp","OverSamp",NaN,NaN,NaN,NaN,NaN
"NWT","NWT-102",445572,4433771.461,"HighElevHighSWELowProb","OverSamp","OddYrs",445574,4433772,NaN,0,0
"NWT","NWT-103",449288,4433888.806,"HighElevHighSWEHighProb","OverSamp","OverSamp",NaN,NaN,NaN,NaN,NaN
"NWT","NWT-104",448769,4434493.455,"HighElevHighSWEHighProb","OverSamp","OverSamp",NaN,NaN,NaN,NaN,NaN
"NWT","NWT-105",446279,4433350.081,"HighElevLowSWELowProb","OverSamp","OverSamp",NaN,NaN,NaN,NaN,NaN
"NWT","NWT-106",448167,4434811.89,"HighElevLowSWEHighProb","OverSamp","OverSamp",NaN,NaN,NaN,NaN,NaN
"NWT","NWT-107",447645,4433582.862,"LowElevLowSWELowProb","OverSamp","OverSamp",NaN,NaN,NaN,NaN,NaN
"NWT","NWT-108",450173,4435195.062,"LowElevLowSWEHighProb","OverSamp","OverSamp",NaN,NaN,NaN,NaN,NaN
"NWT","NWT-109",446917,4435309.312,"LowElevLowSWEHighProb","OverSamp","EvenYrs",446894,4435211,NaN,36,101
"NWT","NWT-110",448418,4434646.294,"HighElevHighSWELowProb","OverSamp","OverSamp",NaN,NaN,NaN,NaN,NaN
"NWT","NWT-111",447372,4433081.083,"HighElevLowSWEHighProb","OverSamp","OverSamp",NaN,NaN,NaN,NaN,NaN
"NWT","NWT-112",448089,4435507.076,"LowElevHighSWELowProb","OverSamp","OverSamp",NaN,NaN,NaN,NaN,NaN
"NWT","NWT-113",446373,4433750.939,"HighElevHighSWEHighProb","OverSamp","OverSamp",NaN,NaN,NaN,NaN,NaN
"NWT","NWT-114",446454,4435319.796,"LowElevHighSWELowProb","OverSamp","OverSamp",NaN,NaN,NaN,NaN,NaN
"NWT","NWT-115",449813,4432912.418,"LowElevLowSWELowProb","OverSamp","OverSamp",NaN,NaN,NaN,NaN,NaN
"NWT","NWT-116",449189,4434959.365,"LowElevLowSWEHighProb","OverSamp","EvenYrs",449178,4434968,NaN,10,14
"NWT","NWT-117",446825,4433970.163,"HighElevLowSWELowProb","OverSamp","EveryYr",446789,4433970,NaN,34,36
"NWT","NWT-118",445773,4433648.934,"HighElevHighSWELowProb","OverSamp","OverSamp",NaN,NaN,NaN,NaN,NaN
"NWT","NWT-119",448016,4433253.248,"LowElevLowSWELowProb","OverSamp","OverSamp",NaN,NaN,NaN,NaN,NaN
"NWT","NWT-120",449558,4434352.17,"HighElevHighSWEHighProb","OverSamp","OverSamp",NaN,NaN,NaN,NaN,NaN
"NWT","NWT-121",445679,4434781.83,"LowElevHighSWEHighProb","OverSamp","EveryYr",445683,4434816,NaN,4,34
"NWT","NWT-122",447532,4434461.509,"HighElevLowSWEHighProb","OverSamp","OverSamp",NaN,NaN,NaN,NaN,NaN
"NWT","NWT-123",447983,4434017.406,"HighElevLowSWEHighProb","OverSamp","OverSamp",NaN,NaN,NaN,NaN,NaN
"NWT","NWT-124",450105,4433415.161,"LowElevLowSWEHighProb","OverSamp","OverSamp",NaN,NaN,NaN,NaN,NaN
"NWT","NWT-125",446976,4434410.248,"HighElevHighSWEHighProb","OverSamp","OverSamp",NaN,NaN,NaN,NaN,NaN
"NWT","NWT-126",448040,4434220.583,"HighElevHighSWEHighProb","OverSamp","OverSamp",NaN,NaN,NaN,NaN,NaN
"NWT","NWT-127",449641,4435143.243,"LowElevHighSWEHighProb","OverSamp","OverSamp",NaN,NaN,NaN,NaN,NaN
"NWT","NWT-128",447954,4435423.932,"LowElevLowSWELowProb","OverSamp","OverSamp",NaN,NaN,NaN,NaN,NaN
"NWT","NWT-129",446106,4435548.752,"HighElevHighSWELowProb","OverSamp","OverSamp",NaN,NaN,NaN,NaN,NaN
"NWT","NWT-130",447198,4434193.274,"HighElevHighSWELowProb","OverSamp","OverSamp",NaN,NaN,NaN,NaN,NaN
"NWT","NWT-131",448698,4434040.283,"HighElevLowSWEHighProb","OverSamp","OverSamp",NaN,NaN,NaN,NaN,NaN
"NWT","NWT-132",449786,4434937.145,"LowElevHighSWEHighProb","OverSamp","OverSamp",NaN,NaN,NaN,NaN,NaN
"NWT","NWT-133",446593,4433972.134,"HighElevHighSWEHighProb","OverSamp","OverSamp",NaN,NaN,NaN,NaN,NaN
"NWT","NWT-134",446027,4433069.347,"HighElevLowSWEHighProb","OverSamp","OverSamp",NaN,NaN,NaN,NaN,NaN
"NWT","NWT-135",449050,4432810.183,"LowElevHighSWELowProb","OverSamp","OverSamp",NaN,NaN,NaN,NaN,NaN
"NWT","NWT-136",448806,4435158.056,"LowElevHighSWELowProb","OverSamp","OverSamp",NaN,NaN,NaN,NaN,NaN
"NWT","NWT-137",447033,4433878.5,"HighElevHighSWEHighProb","OverSamp","OverSamp",NaN,NaN,NaN,NaN,NaN
"NWT","NWT-138",448093,4435142.606,"LowElevHighSWELowProb","OverSamp","OverSamp",NaN,NaN,NaN,NaN,NaN
"NWT","NWT-139",447711,4433497.475,"LowElevHighSWELowProb","OverSamp","OverSamp",NaN,NaN,NaN,NaN,NaN
"NWT","NWT-140",449585,4434541.754,"LowElevHighSWEHighProb","OverSamp","EveryYr",449585,4434542,NaN,0,0
"NWT","NWT-141",445604,4434609.434,"HighElevHighSWELowProb","OverSamp","OverSamp",NaN,NaN,NaN,NaN,NaN
"NWT","NWT-142",447396,4434054.061,"HighElevHighSWEHighProb","OverSamp","OverSamp",NaN,NaN,NaN,NaN,NaN
"NWT","NWT-143",448472,4433716.188,"LowElevLowSWELowProb","OverSamp","OverSamp",NaN,NaN,NaN,NaN,NaN
"NWT","NWT-144",450017,4432844.095,"LowElevLowSWEHighProb","OverSamp","OddYrs",450019,4432850,NaN,8,6
"NWT","NWT-145",445685,4435696.483,"HighElevLowSWELowProb","OverSamp","OverSamp",NaN,NaN,NaN,NaN,NaN
"NWT","NWT-146",446452,4434148.375,"HighElevLowSWELowProb","OverSamp","OverSamp",NaN,NaN,NaN,NaN,NaN
"NWT","NWT-147",449237,4433720.056,"LowElevHighSWEHighProb","OverSamp","OverSamp",NaN,NaN,NaN,NaN,NaN
"NWT","NWT-148",449343,4434995.852,"LowElevLowSWEHighProb","OverSamp","OverSamp",NaN,NaN,NaN,NaN,NaN
"NWT","NWT-149",446811,4433319.467,"HighElevLowSWELowProb","OverSamp","OverSamp",NaN,NaN,NaN,NaN,NaN
"NWT","NWT-150",445664,4433664.438,"HighElevHighSWEHighProb","OverSamp","OverSamp",NaN,NaN,NaN,NaN,NaN
"NWT","NWT-151",448768,4433200.348,"LowElevLowSWEHighProb","OverSamp","OddYrs",448808,4433180,NaN,45,45
"NWT","NWT-152",448974,4434502.319,"HighElevLowSWEHighProb","OverSamp","OverSamp",NaN,NaN,NaN,NaN,NaN
"NWT","NWT-153",446476,4433054.607,"HighElevLowSWELowProb","OverSamp","OverSamp",NaN,NaN,NaN,NaN,NaN
"NWT","NWT-154",448369,4435103.098,"LowElevHighSWELowProb","OverSamp","OverSamp",NaN,NaN,NaN,NaN,NaN
"NWT","NWT-155",447383,4433868.786,"LowElevHighSWELowProb","OverSamp","OverSamp",NaN,NaN,NaN,NaN,NaN
"NWT","NWT-156",450024,4434583.395,"LowElevLowSWEHighProb","OverSamp","OverSamp",NaN,NaN,NaN,NaN,NaN
"NWT","NWT-157",447258,4435133.711,"LowElevLowSWELowProb","OverSamp","OverSamp",NaN,NaN,NaN,NaN,NaN
"NWT","NWT-158",447583,4435285.863,"LowElevHighSWELowProb","OverSamp","OverSamp",NaN,NaN,NaN,NaN,NaN
"NWT","NWT-159",448003,4433569.111,"LowElevLowSWELowProb","OverSamp","OverSamp",NaN,NaN,NaN,NaN,NaN
"NWT","NWT-160",449275,4435617.625,"LowElevLowSWEHighProb","OverSamp","OverSamp",NaN,NaN,NaN,NaN,NaN
"NWT","NWT-161",446100,4433603.871,"HighElevHighSWEHighProb","OverSamp","OverSamp",NaN,NaN,NaN,NaN,NaN
"NWT","NWT-162",446161,4434803.649,"LowElevHighSWELowProb","OverSamp","OverSamp",NaN,NaN,NaN,NaN,NaN
"NWT","NWT-163",449119,4433974.144,"HighElevHighSWEHighProb","OverSamp","OverSamp",NaN,NaN,NaN,NaN,NaN
"NWT","NWT-164",449028,4434796.559,"LowElevLowSWEHighProb","OverSamp","OverSamp",NaN,NaN,NaN,NaN,NaN
"NWT","NWT-165",447218,4433045.398,"HighElevHighSWEHighProb","OverSamp","OverSamp",NaN,NaN,NaN,NaN,NaN
"NWT","NWT-166",445893,4433474.884,"HighElevHighSWELowProb","OverSamp","OverSamp",NaN,NaN,NaN,NaN,NaN
"NWT","NWT-167",449314,4433658.918,"LowElevLowSWEHighProb","OverSamp","OverSamp",NaN,NaN,NaN,NaN,NaN
"NWT","NWT-168",448939,4434485.516,"HighElevLowSWEHighProb","OverSamp","OverSamp",NaN,NaN,NaN,NaN,NaN
"NWT","NWT-169",446176,4433005.904,"HighElevLowSWEHighProb","OverSamp","OverSamp",NaN,NaN,NaN,NaN,NaN
"NWT","NWT-170",447789,4434612.132,"HighElevLowSWEHighProb","OverSamp","OverSamp",NaN,NaN,NaN,NaN,NaN
"NWT","NWT-171",447972,4433833.401,"HighElevLowSWEHighProb","OverSamp","OverSamp",NaN,NaN,NaN,NaN,NaN
"NWT","NWT-172",450225,4434868.489,"LowElevLowSWEHighProb","OverSamp","OverSamp",NaN,NaN,NaN,NaN,NaN
"NWT","NWT-173",446975,4435264.43,"LowElevLowSWELowProb","OverSamp","OverSamp",NaN,NaN,NaN,NaN,NaN
"NWT","NWT-174",448484,4434571.02,"HighElevLowSWEHighProb","OverSamp","OverSamp",NaN,NaN,NaN,NaN,NaN
"NWT","NWT-175",447898,4432841.782,"HighElevLowSWEHighProb","OverSamp","OverSamp",NaN,NaN,NaN,NaN,NaN
"NWT","NWT-176",448277,4435414.103,"LowElevHighSWELowProb","OverSamp","OverSamp",NaN,NaN,NaN,NaN,NaN
"NWT","NWT-177",446554,4433866.448,"HighElevHighSWELowProb","OverSamp","OverSamp",NaN,NaN,NaN,NaN,NaN
"NWT","NWT-178",446546,4435031.377,"LowElevHighSWEHighProb","OverSamp","OverSamp",NaN,NaN,NaN,NaN,NaN
"NWT","NWT-179",449605,4432903.801,"LowElevLowSWELowProb","OverSamp","OverSamp",NaN,NaN,NaN,NaN,NaN
"NWT","NWT-180",449156,4434897.53,"LowElevLowSWEHighProb","OverSamp","OverSamp",NaN,NaN,NaN,NaN,NaN
"NWT","NWT-181",446975,4433824.15,"HighElevHighSWEHighProb","OverSamp","OverSamp",NaN,NaN,NaN,NaN,NaN
"NWT","NWT-182",445941,4433842.885,"HighElevHighSWELowProb","OverSamp","OverSamp",NaN,NaN,NaN,NaN,NaN
"NWT","NWT-183",448410,4432946.984,"LowElevHighSWELowProb","OverSamp","OverSamp",NaN,NaN,NaN,NaN,NaN
"NWT","NWT-184",449833,4434626.462,"LowElevHighSWELowProb","OverSamp","OverSamp",NaN,NaN,NaN,NaN,NaN
"NWT","NWT-185",445530,4435038.321,"HighElevHighSWELowProb","OverSamp","OverSamp",NaN,NaN,NaN,NaN,NaN
"NWT","NWT-186",447935,4434096.43,"HighElevLowSWELowProb","OverSamp","EvenYrs",447935,4434096,NaN,0,0
"NWT","NWT-187",448620,4434025.911,"HighElevLowSWEHighProb","OverSamp","OverSamp",NaN,NaN,NaN,NaN,NaN
"NWT","NWT-188",450081,4433445.691,"LowElevLowSWEHighProb","OverSamp","OverSamp",NaN,NaN,NaN,NaN,NaN
"NWT","NWT-189",447051,4434448.255,"HighElevHighSWELowProb","OverSamp","OverSamp",NaN,NaN,NaN,NaN,NaN
"NWT","NWT-190",448170,4434559.302,"HighElevHighSWEHighProb","OverSamp","OverSamp",NaN,NaN,NaN,NaN,NaN
"NWT","NWT-191",449845,4435207.161,"LowElevHighSWELowProb","OverSamp","OverSamp",NaN,NaN,NaN,NaN,NaN
"NWT","NWT-192",447631,4435346.729,"LowElevHighSWELowProb","OverSamp","OverSamp",NaN,NaN,NaN,NaN,NaN
"NWT","NWT-193",446362,4435532.556,"LowElevHighSWELowProb","OverSamp","OverSamp",NaN,NaN,NaN,NaN,NaN
"NWT","NWT-194",446089,4434639.457,"HighElevHighSWELowProb","OverSamp","OverSamp",NaN,NaN,NaN,NaN,NaN
"NWT","NWT-195",448873,4433833.121,"HighElevLowSWELowProb","OverSamp","EvenYrs",448834,4433807,NaN,46,47
"NWT","NWT-196",449656,4434911.249,"LowElevHighSWEHighProb","OverSamp","OverSamp",NaN,NaN,NaN,NaN,NaN
"NWT","NWT-197",446484,4433836.079,"HighElevHighSWEHighProb","OverSamp","OverSamp",NaN,NaN,NaN,NaN,NaN
"NWT","NWT-198",445801,4432921.68,"HighElevHighSWEHighProb","OverSamp","OverSamp",NaN,NaN,NaN,NaN,NaN
"NWT","NWT-199",448842,4433164.605,"LowElevHighSWELowProb","OverSamp","OverSamp",NaN,NaN,NaN,NaN,NaN
"NWT","NWT-200",448891,4435171.252,"LowElevHighSWELowProb","OverSamp","OverSamp",NaN,NaN,NaN,NaN,NaN
"NWT","NWT-201",447238,4434052.601,"HighElevHighSWELowProb","OverSamp","OverSamp",NaN,NaN,NaN,NaN,NaN
"NWT","NWT-202",448354,4434794.84,"LowElevHighSWELowProb","OverSamp","OverSamp",NaN,NaN,NaN,NaN,NaN
"NWT","NWT-203",447946,4433650.242,"LowElevLowSWELowProb","OverSamp","OverSamp",NaN,NaN,NaN,NaN,NaN
"NWT","NWT-204",449933,4435454.421,"LowElevHighSWEHighProb","OverSamp","OverSamp",NaN,NaN,NaN,NaN,NaN
"NWT","NWT-205",445504,4434134.454,"HighElevLowSWELowProb","OverSamp","OverSamp",NaN,NaN,NaN,NaN,NaN
"NWT","NWT-206",447521,4434235.163,"HighElevHighSWEHighProb","OverSamp","OverSamp",NaN,NaN,NaN,NaN,NaN
"NWT","NWT-207",448488,4433620.364,"LowElevLowSWEHighProb","OverSamp","OverSamp",NaN,NaN,NaN,NaN,NaN
"NWT","NWT-208",449694,4435526.891,"LowElevHighSWEHighProb","OverSamp","OverSamp",NaN,NaN,NaN,NaN,NaN
"NWT","NWT-209",445877,4435392.469,"HighElevHighSWELowProb","OverSamp","OverSamp",NaN,NaN,NaN,NaN,NaN
"NWT","NWT-210",446226,4434886.368,"LowElevLowSWELowProb","OverSamp","OverSamp",NaN,NaN,NaN,NaN,NaN
"NWT","NWT-211",449031,4433714.48,"LowElevHighSWEHighProb","OverSamp","OverSamp",NaN,NaN,NaN,NaN,NaN
"NWT","NWT-212",449430,4435008.577,"LowElevLowSWEHighProb","OverSamp","OverSamp",NaN,NaN,NaN,NaN,NaN
"NWT","NWT-213",446886,4432811.459,"HighElevLowSWEHighProb","OverSamp","OverSamp",NaN,NaN,NaN,NaN,NaN
"NWT","NWT-214",445732,4433578.664,"HighElevHighSWEHighProb","OverSamp","OverSamp",NaN,NaN,NaN,NaN,NaN
"NWT","NWT-215",448888,4432956.126,"LowElevHighSWELowProb","OverSamp","OverSamp",NaN,NaN,NaN,NaN,NaN
"NWT","NWT-216",448860,4434605.523,"HighElevLowSWEHighProb","OverSamp","OverSamp",NaN,NaN,NaN,NaN,NaN
"NWT","NWT-217",446477,4433303.401,"HighElevLowSWELowProb","OverSamp","OverSamp",NaN,NaN,NaN,NaN,NaN
"NWT","NWT-218",448485,4435142.981,"LowElevHighSWEHighProb","OverSamp","OverSamp",NaN,NaN,NaN,NaN,NaN
"NWT","NWT-219",447401,4433995.522,"HighElevLowSWELowProb","OverSamp","OverSamp",NaN,NaN,NaN,NaN,NaN
"NWT","NWT-220",450130,4434204.28,"HighElevLowSWEHighProb","OverSamp","OverSamp",NaN,NaN,NaN,NaN,NaN
"NWT","NWT-221",447130,4435182.548,"LowElevLowSWELowProb","OverSamp","OverSamp",NaN,NaN,NaN,NaN,NaN
"NWT","NWT-222",447649,4434901.695,"HighElevLowSWELowProb","OverSamp","OverSamp",NaN,NaN,NaN,NaN,NaN
"NWT","NWT-223",447828,4433308.288,"LowElevLowSWELowProb","OverSamp","OverSamp",NaN,NaN,NaN,NaN,NaN
"NWT","NWT-224",448672,4435538.654,"LowElevLowSWEHighProb","OverSamp","OverSamp",NaN,NaN,NaN,NaN,NaN
"NWT","NWT-225",446566,4433541.869,"HighElevLowSWELowProb","OverSamp","OverSamp",NaN,NaN,NaN,NaN,NaN
"NWT","NWT-226",446269,4435044.318,"LowElevLowSWEHighProb","OverSamp","OverSamp",NaN,NaN,NaN,NaN,NaN
"NWT","NWT-227",449454,4433213.146,"LowElevLowSWEHighProb","OverSamp","OverSamp",NaN,NaN,NaN,NaN,NaN
"NWT","NWT-228",448968,4434759.602,"LowElevLowSWEHighProb","OverSamp","OverSamp",NaN,NaN,NaN,NaN,NaN
"NWT","NWT-229",447301,4432892.272,"HighElevHighSWEHighProb","OverSamp","OverSamp",NaN,NaN,NaN,NaN,NaN
"NWT","NWT-230",445898,4433514.609,"HighElevHighSWELowProb","OverSamp","OverSamp",NaN,NaN,NaN,NaN,NaN
"NWT","NWT-231",449497,4433571.163,"LowElevHighSWEHighProb","OverSamp","OverSamp",NaN,NaN,NaN,NaN,NaN
"NWT","NWT-232",449252,4434143.845,"HighElevHighSWEHighProb","OverSamp","OverSamp",NaN,NaN,NaN,NaN,NaN
"NWT","NWT-233",446042,4434943.986,"LowElevHighSWEHighProb","OverSamp","OverSamp",NaN,NaN,NaN,NaN,NaN
"NWT","NWT-234",447975,4434683.444,"HighElevLowSWEHighProb","OverSamp","OverSamp",NaN,NaN,NaN,NaN,NaN
"NWT","NWT-235",447906,4433776.39,"HighElevLowSWEHighProb","OverSamp","OverSamp",NaN,NaN,NaN,NaN,NaN
"NWT","NWT-236",450265,4433613.321,"LowElevHighSWEHighProb","OverSamp","OverSamp",NaN,NaN,NaN,NaN,NaN
"NWT","NWT-237",446968,4435175.601,"LowElevHighSWELowProb","OverSamp","OverSamp",NaN,NaN,NaN,NaN,NaN
"NWT","NWT-238",448425,4434396.001,"HighElevLowSWEHighProb","OverSamp","OverSamp",NaN,NaN,NaN,NaN,NaN
"NWT","NWT-239",447497,4433094.972,"HighElevLowSWELowProb","OverSamp","OverSamp",NaN,NaN,NaN,NaN,NaN
"NWT","NWT-240",448565,4435522.767,"LowElevHighSWELowProb","OverSamp","OverSamp",NaN,NaN,NaN,NaN,NaN
"NWT","NWT-241",446513,4433962.185,"HighElevLowSWELowProb","OverSamp","OverSamp",NaN,NaN,NaN,NaN,NaN
"NWT","NWT-242",446597,4434892.085,"LowElevLowSWELowProb","OverSamp","OverSamp",NaN,NaN,NaN,NaN,NaN
"NWT","NWT-243",449383,4433062.074,"LowElevLowSWEHighProb","OverSamp","OverSamp",NaN,NaN,NaN,NaN,NaN
"NWT","NWT-244",448859,4434822.208,"LowElevLowSWEHighProb","OverSamp","OverSamp",NaN,NaN,NaN,NaN,NaN
"NWT","NWT-245",447334,4433891.915,"HighElevHighSWELowProb","OverSamp","OverSamp",NaN,NaN,NaN,NaN,NaN
"NWT","NWT-246",445938,4433993.436,"HighElevLowSWELowProb","OverSamp","OverSamp",NaN,NaN,NaN,NaN,NaN
"NWT","NWT-247",448511,4433336.046,"LowElevHighSWELowProb","OverSamp","OverSamp",NaN,NaN,NaN,NaN,NaN
"NWT","NWT-248",449631,4434559.139,"LowElevHighSWEHighProb","OverSamp","OverSamp",NaN,NaN,NaN,NaN,NaN
"NWT","NWT-249",445995,4435288.946,"HighElevHighSWELowProb","OverSamp","OverSamp",NaN,NaN,NaN,NaN,NaN
"NWT","NWT-250",447799,4434190.942,"HighElevLowSWEHighProb","OverSamp","OverSamp",NaN,NaN,NaN,NaN,NaN
"NWT","NWT-251",448007,4433732.529,"HighElevLowSWELowProb","OverSamp","OverSamp",NaN,NaN,NaN,NaN,NaN
"NWT","NWT-252",450045,4433295.063,"LowElevLowSWEHighProb","OverSamp","OverSamp",NaN,NaN,NaN,NaN,NaN
"NWT","NWT-253",447088,4434536.417,"HighElevLowSWELowProb","OverSamp","OverSamp",NaN,NaN,NaN,NaN,NaN
"NWT","NWT-254",448023,4434513.416,"HighElevHighSWEHighProb","OverSamp","OverSamp",NaN,NaN,NaN,NaN,NaN
"NWT","NWT-255",449822,4435093.014,"LowElevLowSWELowProb","OverSamp","OverSamp",NaN,NaN,NaN,NaN,NaN
"NWT","NWT-256",447566,4435582.109,"LowElevLowSWELowProb","OverSamp","OverSamp",NaN,NaN,NaN,NaN,NaN
"NWT","NWT-257",446903,4432985.796,"HighElevLowSWELowProb","OverSamp","OverSamp",NaN,NaN,NaN,NaN,NaN
"NWT","NWT-258",445567,4433664.628,"HighElevHighSWEHighProb","OverSamp","OverSamp",NaN,NaN,NaN,NaN,NaN
"NWT","NWT-259",449118,4433393.975,"LowElevHighSWEHighProb","OverSamp","OverSamp",NaN,NaN,NaN,NaN,NaN
"NWT","NWT-260",448698,4434595.268,"HighElevHighSWELowProb","OverSamp","OverSamp",NaN,NaN,NaN,NaN,NaN
"NWT","NWT-261",446852,4434900.895,"LowElevHighSWEHighProb","OverSamp","OverSamp",NaN,NaN,NaN,NaN,NaN
"NWT","NWT-262",447711,4435176.875,"LowElevHighSWEHighProb","OverSamp","OverSamp",NaN,NaN,NaN,NaN,NaN
"NWT","NWT-263",447567,4432987.37,"HighElevLowSWELowProb","OverSamp","OverSamp",NaN,NaN,NaN,NaN,NaN
"NWT","NWT-264",448088,4435413.23,"LowElevHighSWELowProb","OverSamp","OverSamp",NaN,NaN,NaN,NaN,NaN
"NWT","NWT-265",446074,4434014.014,"HighElevHighSWELowProb","OverSamp","OverSamp",NaN,NaN,NaN,NaN,NaN
"NWT","NWT-266",446596,4435254.895,"LowElevLowSWELowProb","OverSamp","OverSamp",NaN,NaN,NaN,NaN,NaN
"NWT","NWT-267",449380,4433393.263,"LowElevLowSWEHighProb","OverSamp","OverSamp",NaN,NaN,NaN,NaN,NaN
"NWT","NWT-268",449105,4434938.595,"LowElevLowSWEHighProb","OverSamp","OverSamp",NaN,NaN,NaN,NaN,NaN
"NWT","NWT-269",445530,4434873.616,"HighElevHighSWELowProb","OverSamp","OverSamp",NaN,NaN,NaN,NaN,NaN
"NWT","NWT-270",447571,4434646.632,"HighElevHighSWEHighProb","OverSamp","OverSamp",NaN,NaN,NaN,NaN,NaN
"NWT","NWT-271",447790,4433792.999,"LowElevLowSWEHighProb","OverSamp","OverSamp",NaN,NaN,NaN,NaN,NaN
"NWT","NWT-272",449971,4433930.625,"HighElevLowSWEHighProb","OverSamp","OverSamp",NaN,NaN,NaN,NaN,NaN
"NWT","NWT-273",446648,4434012.206,"HighElevHighSWEHighProb","OverSamp","OverSamp",NaN,NaN,NaN,NaN,NaN
"NWT","NWT-274",446031,4432904.892,"HighElevHighSWEHighProb","OverSamp","OverSamp",NaN,NaN,NaN,NaN,NaN
"NWT","NWT-275",448968,4432956.496,"LowElevLowSWEHighProb","OverSamp","OverSamp",NaN,NaN,NaN,NaN,NaN
"NWT","NWT-276",448732,4434902.371,"LowElevLowSWELowProb","OverSamp","OverSamp",NaN,NaN,NaN,NaN,NaN
"NWT","NWT-277",445724,4434474.206,"HighElevHighSWEHighProb","OverSamp","OverSamp",NaN,NaN,NaN,NaN,NaN
"NWT","NWT-278",447670,4434192.702,"HighElevLowSWEHighProb","OverSamp","OverSamp",NaN,NaN,NaN,NaN,NaN
"NWT","NWT-279",448450,4433444.273,"LowElevHighSWELowProb","OverSamp","OverSamp",NaN,NaN,NaN,NaN,NaN
"NWT","NWT-280",450203,4432836.427,"LowElevLowSWELowProb","OverSamp","OverSamp",NaN,NaN,NaN,NaN,NaN
"NWT","NWT-281",446222,4433612.872,"HighElevHighSWEHighProb","OverSamp","OverSamp",NaN,NaN,NaN,NaN,NaN
"NWT","NWT-282",446143,4434813.46,"LowElevLowSWELowProb","OverSamp","OverSamp",NaN,NaN,NaN,NaN,NaN
"NWT","NWT-283",449183,4433824.122,"HighElevLowSWEHighProb","OverSamp","OverSamp",NaN,NaN,NaN,NaN,NaN
"NWT","NWT-284",449209,4435128.18,"LowElevLowSWELowProb","OverSamp","OverSamp",NaN,NaN,NaN,NaN,NaN
"NWT","NWT-285",446194,4433298.25,"HighElevLowSWELowProb","OverSamp","OverSamp",NaN,NaN,NaN,NaN,NaN
"NWT","NWT-286",447832,4434690.418,"HighElevHighSWEHighProb","OverSamp","OverSamp",NaN,NaN,NaN,NaN,NaN
"NWT","NWT-287",447512,4433555.967,"LowElevLowSWEHighProb","OverSamp","OverSamp",NaN,NaN,NaN,NaN,NaN
"NWT","NWT-288",450219,4435145.339,"LowElevLowSWELowProb","OverSamp","OverSamp",NaN,NaN,NaN,NaN,NaN
"NWT","NWT-289",446884,4433960.906,"HighElevHighSWELowProb","OverSamp","OverSamp",NaN,NaN,NaN,NaN,NaN
"NWT","NWT-290",445790,4433665.913,"HighElevHighSWELowProb","OverSamp","OverSamp",NaN,NaN,NaN,NaN,NaN
"NWT","NWT-291",448242,4433388.187,"LowElevLowSWELowProb","OverSamp","OverSamp",NaN,NaN,NaN,NaN,NaN
"NWT","NWT-292",449384,4434174.609,"HighElevHighSWEHighProb","OverSamp","OverSamp",NaN,NaN,NaN,NaN,NaN
"NWT","NWT-293",446756,4434679.195,"HighElevHighSWELowProb","OverSamp","OverSamp",NaN,NaN,NaN,NaN,NaN
"NWT","NWT-294",448353,4434083.483,"HighElevHighSWEHighProb","OverSamp","OverSamp",NaN,NaN,NaN,NaN,NaN
"NWT","NWT-295",449759,4435019.458,"LowElevHighSWEHighProb","OverSamp","OverSamp",NaN,NaN,NaN,NaN,NaN
"NWT","NWT-296",447390,4435531.644,"LowElevHighSWELowProb","OverSamp","OverSamp",NaN,NaN,NaN,NaN,NaN
"NWT","NWT-297",446276,4435472.591,"LowElevHighSWELowProb","OverSamp","OverSamp",NaN,NaN,NaN,NaN,NaN
"NWT","NWT-298",447046,4434367.322,"HighElevHighSWEHighProb","OverSamp","OverSamp",NaN,NaN,NaN,NaN,NaN
"NWT","NWT-299",448932,4433749.219,"HighElevHighSWELowProb","OverSamp","OverSamp",NaN,NaN,NaN,NaN,NaN
"NWT","NWT-300",449769,4434854.916,"LowElevLowSWEHighProb","OverSamp","OverSamp",NaN,NaN,NaN,NaN,NaN
"NWT","NWT-301",447338,4434027.346,"HighElevLowSWELowProb","OverSamp","OverSamp",NaN,NaN,NaN,NaN,NaN
"NWT","NWT-302",448269,4435184.9,"LowElevHighSWEHighProb","OverSamp","OverSamp",NaN,NaN,NaN,NaN,NaN
"NWT","NWT-303",447936,4433558.359,"LowElevLowSWELowProb","OverSamp","OverSamp",NaN,NaN,NaN,NaN,NaN
"NWT","NWT-304",450265,4435483.876,"LowElevHighSWEHighProb","OverSamp","OverSamp",NaN,NaN,NaN,NaN,NaN
"NWT","NWT-305",446832,4432820.013,"HighElevLowSWEHighProb","OverSamp","OverSamp",NaN,NaN,NaN,NaN,NaN
"NWT","NWT-306",445629,4433634.069,"HighElevHighSWEHighProb","OverSamp","OverSamp",NaN,NaN,NaN,NaN,NaN
"NWT","NWT-307",448867,4432814.597,"LowElevHighSWEHighProb","OverSamp","OverSamp",NaN,NaN,NaN,NaN,NaN
"NWT","NWT-308",448897,4434673.326,"HighElevLowSWEHighProb","OverSamp","OverSamp",NaN,NaN,NaN,NaN,NaN
"NWT","NWT-309",447079,4435158.374,"LowElevHighSWELowProb","OverSamp","OverSamp",NaN,NaN,NaN,NaN,NaN
"NWT","NWT-310",447509,4434914.322,"HighElevHighSWELowProb","OverSamp","OverSamp",NaN,NaN,NaN,NaN,NaN
"NWT","NWT-311",448090,4433489.991,"LowElevLowSWEHighProb","OverSamp","OverSamp",NaN,NaN,NaN,NaN,NaN
"NWT","NWT-312",448664,4435405.315,"LowElevHighSWELowProb","OverSamp","OverSamp",NaN,NaN,NaN,NaN,NaN
"NWT","NWT-313",446692,4433833.931,"HighElevHighSWEHighProb","OverSamp","OverSamp",NaN,NaN,NaN,NaN,NaN
"NWT","NWT-314",446455,4434772.741,"HighElevLowSWELowProb","OverSamp","OverSamp",NaN,NaN,NaN,NaN,NaN
"NWT","NWT-315",449670,4432977.061,"LowElevLowSWEHighProb","OverSamp","OverSamp",NaN,NaN,NaN,NaN,NaN
"NWT","NWT-316",448893,4434754.227,"LowElevLowSWELowProb","OverSamp","OverSamp",NaN,NaN,NaN,NaN,NaN
"NWT","NWT-317",445949,4435168.497,"HighElevHighSWELowProb","OverSamp","OverSamp",NaN,NaN,NaN,NaN,NaN
"NWT","NWT-318",447827,4434064.233,"HighElevLowSWEHighProb","OverSamp","OverSamp",NaN,NaN,NaN,NaN,NaN
"NWT","NWT-319",448356,4434025.786,"HighElevLowSWEHighProb","OverSamp","OverSamp",NaN,NaN,NaN,NaN,NaN
"NWT","NWT-320",450242,4433230.467,"LowElevHighSWEHighProb","OverSamp","OverSamp",NaN,NaN,NaN,NaN,NaN
"NWT","NWT-321",447181,4433168.963,"HighElevLowSWELowProb","OverSamp","OverSamp",NaN,NaN,NaN,NaN,NaN
"NWT","NWT-322",445701,4432811.406,"HighElevHighSWEHighProb","OverSamp","OverSamp",NaN,NaN,NaN,NaN,NaN
"NWT","NWT-323",448798,4433196.78,"LowElevLowSWELowProb","OverSamp","OverSamp",NaN,NaN,NaN,NaN,NaN
"NWT","NWT-324",448726,4435234.335,"LowElevHighSWELowProb","OverSamp","OverSamp",NaN,NaN,NaN,NaN,NaN
"NWT","NWT-325",446053,4434504.469,"HighElevLowSWELowProb","OverSamp","OverSamp",NaN,NaN,NaN,NaN,NaN
"NWT","NWT-326",447656,4434320.111,"HighElevHighSWEHighProb","OverSamp","OverSamp",NaN,NaN,NaN,NaN,NaN
"NWT","NWT-327",447996,4433663.561,"LowElevLowSWELowProb","OverSamp","OverSamp",NaN,NaN,NaN,NaN,NaN
"NWT","NWT-328",449822,4435485.493,"LowElevHighSWEHighProb","OverSamp","OverSamp",NaN,NaN,NaN,NaN,NaN
"NWT","NWT-329",446028,4435358.5,"HighElevLowSWELowProb","OverSamp","OverSamp",NaN,NaN,NaN,NaN,NaN
"NWT","NWT-330",446126,4434965.973,"LowElevHighSWELowProb","OverSamp","OverSamp",NaN,NaN,NaN,NaN,NaN
"NWT","NWT-331",449113,4433456.8,"LowElevHighSWELowProb","OverSamp","OverSamp",NaN,NaN,NaN,NaN,NaN
"NWT","NWT-332",449572,4434962.654,"LowElevHighSWEHighProb","OverSamp","OverSamp",NaN,NaN,NaN,NaN,NaN
"NWT","NWT-333",446609,4433363.805,"HighElevLowSWELowProb","OverSamp","OverSamp",NaN,NaN,NaN,NaN,NaN
"NWT","NWT-334",448476,4435025.209,"LowElevHighSWEHighProb","OverSamp","OverSamp",NaN,NaN,NaN,NaN,NaN
"NWT","NWT-335",447497,4434036.325,"HighElevLowSWELowProb","OverSamp","OverSamp",NaN,NaN,NaN,NaN,NaN
"NWT","NWT-336",450143,4434126.849,"HighElevHighSWEHighProb","OverSamp","OverSamp",NaN,NaN,NaN,NaN,NaN
"NWT","NWT-337",446749,4433887.619,"HighElevHighSWELowProb","OverSamp","OverSamp",NaN,NaN,NaN,NaN,NaN
"NWT","NWT-338",445993,4433512.815,"HighElevHighSWEHighProb","OverSamp","OverSamp",NaN,NaN,NaN,NaN,NaN
"NWT","NWT-339",448012,4433239.084,"LowElevLowSWELowProb","OverSamp","OverSamp",NaN,NaN,NaN,NaN,NaN
"NWT","NWT-340",449362,4434309.096,"HighElevHighSWEHighProb","OverSamp","OverSamp",NaN,NaN,NaN,NaN,NaN
"NWT","NWT-341",446826,4435254.41,"LowElevHighSWELowProb","OverSamp","OverSamp",NaN,NaN,NaN,NaN,NaN
"NWT","NWT-342",448556,4434460.168,"HighElevLowSWEHighProb","OverSamp","OverSamp",NaN,NaN,NaN,NaN,NaN
"NWT","NWT-343",447536,4433154.37,"HighElevHighSWELowProb","OverSamp","OverSamp",NaN,NaN,NaN,NaN,NaN
"NWT","NWT-344",448554,4435421.064,"LowElevHighSWELowProb","OverSamp","OverSamp",NaN,NaN,NaN,NaN,NaN
"NWT","NWT-345",446470,4435375.314,"LowElevHighSWELowProb","OverSamp","OverSamp",NaN,NaN,NaN,NaN,NaN
"NWT","NWT-346",446201,4434061.039,"HighElevHighSWELowProb","OverSamp","OverSamp",NaN,NaN,NaN,NaN,NaN
"NWT","NWT-347",448721,4433448.99,"LowElevHighSWEHighProb","OverSamp","OverSamp",NaN,NaN,NaN,NaN,NaN
"NWT","NWT-348",449735,4435004.753,"LowElevHighSWEHighProb","OverSamp","OverSamp",NaN,NaN,NaN,NaN,NaN
"NWT","NWT-349",447110,4433614.906,"HighElevHighSWELowProb","OverSamp","OverSamp",NaN,NaN,NaN,NaN,NaN
"NWT","NWT-350",448486,4434712.029,"HighElevLowSWEHighProb","OverSamp","OverSamp",NaN,NaN,NaN,NaN,NaN
"NWT","NWT-351",447715,4433674.153,"LowElevLowSWELowProb","OverSamp","OverSamp",NaN,NaN,NaN,NaN,NaN
"NWT","NWT-352",450233,4435428.249,"LowElevLowSWEHighProb","OverSamp","OverSamp",NaN,NaN,NaN,NaN,NaN
"NWT","NWT-353",447165,4433967.4,"HighElevLowSWEHighProb","OverSamp","OverSamp",NaN,NaN,NaN,NaN,NaN
"NWT","NWT-354",448082,4435218.949,"LowElevHighSWELowProb","OverSamp","OverSamp",NaN,NaN,NaN,NaN,NaN
"NWT","NWT-355",448366,4433311.291,"LowElevLowSWELowProb","OverSamp","OverSamp",NaN,NaN,NaN,NaN,NaN
"NWT","NWT-356",449641,4434407.803,"HighElevHighSWEHighProb","OverSamp","OverSamp",NaN,NaN,NaN,NaN,NaN
"NWT","NWT-357",447280,4434618.455,"HighElevLowSWEHighProb","OverSamp","OverSamp",NaN,NaN,NaN,NaN,NaN
"NWT","NWT-358",448017,4434589.204,"HighElevLowSWEHighProb","OverSamp","OverSamp",NaN,NaN,NaN,NaN,NaN
"NWT","NWT-359",449587,4435032.585,"LowElevHighSWEHighProb","OverSamp","OverSamp",NaN,NaN,NaN,NaN,NaN
"NWT","NWT-360",447851,4435666.441,"LowElevLowSWEHighProb","OverSamp","OverSamp",NaN,NaN,NaN,NaN,NaN
